{
    "@FILENAME.VAR": "JSON格式：@+使用對應變量的JS文件名(全部大寫)+.+變量名",

    "@AUTHEN.BIRTHDAY": "你的出生日期(DDMMYYYY)是: ",
    "@AUTHEN.EMPLOY-YEAR": "你的入職年份是: ",
    "@AUTHEN.STAFF-NO": "你的職員編號是: ",
    "@AUTHEN.NO-QS": "抱歉，暫時無法驗證該帳號: ",
    "@AUTHEN.REQUEST-423": "帳號已被鎖定: 解鎖帳號請與IT部門聯絡。",
    "@AUTHEN.REQUEST-409": "多方登陸: 該帳號正在被使用，在此期間您無法登陸此帳號。",

    "@MAIN_LAYOUT.WELCOME": "歡迎你 ",
    "@MAIN_LAYOUT.LOGINTIME": "上次登錄於: ",
    "@MAIN_LAYOUT.LEVEL": "等級: ",
    "@MAIN_LAYOUT.DIAMOND": "鑽石",
    "@MAIN_LAYOUT.PLATINUM": "白金",
    "@MAIN_LAYOUT.GOLD": "金",
    "@MAIN_LAYOUT.GREEN": "綠",
    "@MAIN_LAYOUT.BASIC": "基本",
    "@MAIN_LAYOUT.SILVER": "銀",
    "@MAIN_LAYOUT.BRONZE": "銅",
    "@MAIN_LAYOUT.GENERAL": "普通",
    "@MAIN_LAYOUT.ACCUMULATED-LOGIN": "累計登陸:",
    "@MAIN_LAYOUT.MENU": "目 錄",
    "@MAIN_LAYOUT.LOGOUT": "登 出",
    "@MAIN_LAYOUT.MY-INBOX": "收件箱",
    "@MAIN_LAYOUT.MY-FAVOUR": "收藏",
    "@MAIN_LAYOUT.ADMIN-CONSOLE":"管理控制台",
    "@MAIN_LAYOUT.SEARCH": "搜索",
    "@MAIN_LAYOUT.FOOTER": "懲教署知識管理系統 © 2021",
    "@MAIN_LAYOUT.FAQ": "常見問題",
    "@MAIN_LAYOUT.FAQ-SUBTITLE": "醫療",
    "@MAIN_LAYOUT.PAGE-NOT-FOUND": "抱歉，你所訪問的頁面不存在。",
    "@MAIN_LAYOUT.BACK-HOME": "返回首頁",
    
    "@GENERAL.SHOW-ALL": "查看全部",
    "@GENERAL.DOWNLOAD": "下 載",
    "@GENERAL.VIEW": "查 看",
    "@GENERAL.YES": "是",
    "@GENERAL.NO": "否",
    "@GENERAL.AGREE": "同意",
    "@GENERAL.BACK": "返回",
    "@GENERAL.SAVE": "保存",
    "@GENERAL.CANCEL": "取消",
    "@GENERAL.CONTINUE": "繼續",
    "@GENERAL.CREATE": "創建",
    "@GENERAL.LEAVE": "離開",
    "@GENERAL.DELETE": "刪除",
    "@GENERAL.IS-A-MUST": "此為必填項",
    "@GENERAL.INTEGER-ONLY": "僅限整數",
    "@GENERAL.DESCRIPTION": "描述",
    "@GENERAL.SELECT-ALL": "全選",
    "@GENERAL.TYPE": "類型",
    "@GENERAL.NO-RECORD-IS-FOUND": "未找到相關數據",
    "@GENERAL.NAME": "名稱",
    "@GENERAL.ALL": "全部",
    "@GENERAL.ADD": "新增",
    "@GENERAL.REMOVE": "移除",
    "@GENERAL.SEARCH": "搜索",
    "@GENERAL.UPLOAD": "上傳",
    "@GENERAL.APPROVE": "批准",
    "@GENERAL.REJECT": "駁回",
    "@GENERAL.UPDATE": "更新",
    "@GENERAL.FROM": "由 ",
    "@GENERAL.TO": " 至 ",
    "@GENERAL.INST": "懲教院所",
    "@GENERAL.SECTION": "部門",
    "@GENERAL.RANK": "階級",
    "@GENERAL.SHARE": "分享",
    "@GENERAL.SEND": "發送",
    "@GENERAL.EDIT": "編輯",
    "@GENERAL.CATEGORY": "分類",
    "@GENERAL.REPLACE-BUTTON": "替換圖片",
    "@GENERAL.DATE": "日期",
    "@GENERAL.TITLE": "標題",
    "@GENERAL.SEND-FROM": "來自",
    "@GENERAL.STATUS": "狀態",
    "@GENERAL.KEYWORD-TITLE": "請重新整理您的內容: 存在敏感詞彙",
    "@GENERAL.REQUIRED": "不可為空",
    "@GENERAL.EXPORT-AS-EXCEL": "導出為Excel",
    "@GENERAL.IS-REQUIRED": "不可為空",
    "@GENERAL.VIDEO-REMARKS": "僅可添加懲教署官方影片連結",

    "@LATEST_NEWS.LATEST-NEWS": "最新消息",
    "@MINI_BLOG.MINI-BLOG": "Mini Blog",
    "@K_MARKET.K-MARKET": "知識市集",
    "@LEARNING_CORNER.LEARNING-CORNER": "自我學習園地",
    "@LEARNING_TOPIC.WEEKLY": "每週",
    "@LEARNING_TOPIC.TOPICS": "自我學習題目",
    "@K_SQUARE.K-SQUARE": "知識廣場",
    "@WISDOM_GALLERY.WISDOM-GALLERY": "智慧錦廊",

    "@RESOURCES_DETAILS.DOWNLOAD-FAILED": "下載失敗。請聯絡智識管理團隊 (2899 1835)",
    "@RESOURCES_DETAILS.YOUR-RATING": "我的評分: ",
    "@RESOURCES_DETAILS.AVERAGE-RATING": "平均評分: ",
    "@RESOURCES_DETAILS.AVERAGE-RATING-MOBILE": "平均分: ",
    "@RESOURCES_DETAILS.RELATED": "相關資源",
    "@RESOURCES_DETAILS.NOT-FOUND": "抱歉, 暫無此資源提供。將返回首頁。",
    "@RESOURCES_SHOWALL.K-MARKET": "知識市集",
    "@RESOURCES_SHOWALL.K-SQUARE": "知識廣場",
    "@RESOURCES_SHOWALL.WISDOM-GALLERY": "智慧錦廊",
    "@RESOURCES_SHOWALL.SEARCH-REMARKS": "搜索標題",
    "@RESOURCES_CATEGORY.SEARCH-REMARKS": "搜索標題於 ",
    "@RESOURCES_CATEGORY.NO-RESOURCE": "暫無資源",
    "@RESOURCES_CATEGORY.NO-ACCESS-RIGHT": "你沒有閱覽此文件權限或該文件只限內聯網閱覽。請聯繫知識管理團隊以獲取協助 (2899 1825)。",

    "@MINIBLOG_HOME.MY-BLOG": "我的 Mini Blog",
    "@MINIBLOG_HOME.LATEST-BLOG1": "最新",
    "@MINIBLOG_HOME.LATEST-BLOG2": "Mini Blog",
    "@MINIBLOG_HOME.SORT-BY": "排序",

    "@MY_BLOG.POST-CREATION": "創建文章",
    "@MY_BLOG.MY-POSTS": "我的文章",
    "@MY_BLOG.MY-BOOKMARKS": "我的書籤",
    "@MY_BLOG.RESET": "重置",
    "@MY_BLOG.MOST-RECENT": "最新Mini Blog",
    "@MY_BLOG.GALLERY-MANAGER": "影集管理",
    "@MY_BLOG.DRAGGER-TIPS": "點擊或拖拽相片至此區域",
    "@MY_BLOG.ALIAS": "筆名",
    "@MY_BLOG.OTHER-CREATOR": "其他作者",
    "@MY_BLOG.UNARCHIVED": "尚未使用的相片",
    "@MY_BLOG.VIDEO-REMARKS-1": "影片連結應以'https://ams.csd.gov.hk/'開頭",
    "@MY_BLOG.VIDEO-REMARKS-2": "影片格式應為'MP4'",

    "@MY_BLOG.POST-MODIFICATION": "編輯文章",
    "@MY_BLOG.ARCHIVED": "已上傳的相片",

    "@MINI_BLOG.COMMENTS": "評論",
    "@MINI_BLOG.LEAVE-COMMENT": "我要評論",
    "@MINI_BLOG.RELATED-POSTS": "相關文章",
    "@MINI_BLOG.TOTAL-COMMENTS": "{comments} 條回覆",
    "@MINI_BLOG.REPLY-TO": " 回覆",
    "@MINI_BLOG.MODIFY": "編輯",
    "@MINI_BLOG.DELETE": "刪除",
    "@MINI_BLOG.SUBMIT": "提交",
    "@MINI_BLOG.CANCEL": "取消",
    "@MINI_BLOG.CATEGORY": "類別",
    "@MINI_BLOG.CATEGORY-TIPS": "請指定一個類別",
    "@MINI_BLOG.CREATOR": "創建者",
    "@MINI_BLOG.CONTENT": "內容",
    "@MINI_BLOG.TAGS": "標籤",
    "@MINI_BLOG.TAGS-TIPS": "你可以為你的博客自定義標籤，例如：#你的自定義標籤",
    "@MINI_BLOG.GO-PUBLIC": "是否發布",
    "@MINI_BLOG.PUBLISH-DATE": "發布日期",
    "@MINI_BLOG.ORIGINAL-CREATOR": "此篇博客的署名作者",
    "@MINI_BLOG.NOT-FOUND": "抱歉, 暫無此博客內容提供。將返回 Mini Blog 主頁。",

    "@CATE.CATEGORY-MANAGEMENT": "資源類別管理",

    "@RES_MANAGEMENT.RESOURCES-MANAGEMENT": "資源管理",
    "@RES_MANAGEMENT.NEW-RESOURCE": "新增資源",
    "@RES_MANAGEMENT.SEARCH": "搜索",
    "@RES_MANAGEMENT.LATEST-NEWS": "最新新聞",
    "@RES_MANAGEMENT.K-MARKET": "知識市集",
    "@RES_MANAGEMENT.K-SQUARE": "知識廣場",
    "@RES_MANAGEMENT.WISDOM-GALLERY": "智慧錦廊",
    "@RES_MANAGEMENT.RESULTS": "搜索結果",
    "@RES_MANAGEMENT.DELETE": "刪除",
    "@RES_MANAGEMENT.EDIT": "編輯",
    "@RES_MANAGEMENT.BACK": "返回",
    "@RES_MANAGEMENT.DRAGGER": "點擊或拖拽文件至此區域以上傳",
    "@RES_MANAGEMENT.ASSIGN": "配置",
    "@RES_MANAGEMENT.ACCESS-RULE": "訪問規則",
    "@RES_MANAGEMENT.ACCESS-RULE-REMARKS": "(請至少勾選並指定一個訪問規則)",
    "@RES_MANAGEMENT.PUBLISH-SETTINGS": "發佈設定",
    "@RES_MANAGEMENT.NEW-VIDEO": "新增影片",
    "@RES_MANAGEMENT.SUBMIT": "上傳",
    "@RES_MANAGEMENT.SUBCATEGORIES": "包括其所有子類別",

    "@RES_MANAGEMENT.ALL-INFO": "編輯 - 全部信息",
    "@RES_MANAGEMENT.DETAILS": "編輯 - 單一紀錄",
    "@RES_MANAGEMENT.SELECTION": "編輯 - 選中的紀錄",
    "@RES_DRAWER_INFO.PUBLISH-SETTINGS": "編輯 - 發佈設定",
    "@RES_DRAWER_INFO.ACCESS-RULE": "編輯 - 訪問規則",

    "@RES_DRAWER_INFO.FILENAME": "文件名",
    "@RES_DRAWER_INFO.VIDEO-LINK": "影片連結",
    "@RES_DRAWER_INFO.TITLE-EN": "標題(英文)",
    "@RES_DRAWER_INFO.TITLE-TC": "標題(中文)",
    "@RES_DRAWER_INFO.DESCRIPTION-EN": "標籤(英文)",
    "@RES_DRAWER_INFO.DESCRIPTION-TC": "標籤(中文)",
    "@RES_DRAWER_INFO.CATEGORY": "資源類別",
    "@RES_DRAWER_INFO.ACCESS-CHANNEL": "網路訪問",
    "@RES_DRAWER_INFO.ACCESS-INTRANET": "內網",
    "@RES_DRAWER_INFO.ACCESS-INTERNET": "外網",
    "@RES_DRAWER_INFO.LATEST-NEWS": "最新新聞",
    "@RES_DRAWER_INFO.EXPIRY-DATE": "失效日期",
    "@RES_DRAWER_INFO.SHOW-ON-PAGE": "是否發佈",
    "@RES_DRAWER_INFO.DOWNLOAD-ORIGINAL": "下載文件類型",
    "@RES_DRAWER_INFO.DOWNLOAD-ORIGINAL-FILE": "原件",
    "@RES_DRAWER_INFO.DOWNLOAD-TYPE": "允許無水印下載",
    "@RES_DRAWER_INFO.SPECIAL-USER": "特殊訪問用戶",
    "@RES_DRAWER_INFO.SAVE": "保存",
    "@RES_DRAWER_INFO.RULE-REMARKS": "至少指定一條規則",
    "@RES_DRAWER_INFO.RULE-REMARKS1": "不可編輯的規則",
    "@RES_DRAWER_INFO.USER-REMARKS": "至少指定一位特殊訪問用戶",

    "@RES_DRAWER_INFO.PUBLISH-REMARKS-1": "注意: ",
    "@RES_DRAWER_INFO.PUBLISH-REMARKS-2": "\n有關",
    "@RES_DRAWER_INFO.PUBLISH-REMARKS-3": "功能，請聯絡知識管理團隊(2899 1825/835)",

    "@USER_MANAGEMENT.USER-MANAGEMENT": "用戶管理",
    "@USER_MANAGEMENT.SEARCH": "搜索",
    "@USER_MANAGEMENT.RESULTS": "結果",
    "@USER_MANAGEMENT.NEW-USER": "創建用戶",
    "@USER_MANAGEMENT.STAFF-NO": "職員號碼",
    "@USER_MANAGEMENT.FULLNAME": "全名",
    "@USER_MANAGEMENT.USER-GROUP": "組別",
    "@USER_MANAGEMENT.INSTITUTION": "懲教院所",
    "@USER_MANAGEMENT.RANK": "階級",
    "@USER_MANAGEMENT.SECTION": "部門",
    "@USER_MANAGEMENT.IS-BLOGGER": "可創建 Mini Blog",
    "@USER_MANAGEMENT.ADMIN": "信息管理",
    "@USER_MANAGEMENT.EDIT": "編輯",
    "@USER_MANAGEMENT.GENERAL": "用戶操作",
    "@USER_MANAGEMENT.VIEW": "檢視",

    "@USER_DRAWER_INFO.USER-EDITOR": "用戶信息",
    "@USER_DRAWER_INFO.ID": "ID",
    "@USER_DRAWER_INFO.STAFF-NO": "職員號碼",
    "@USER_DRAWER_INFO.USERNAME": "登入名",
    "@USER_DRAWER_INFO.FULLNAME": "全名",
    "@USER_DRAWER_INFO.EMAIL": "電郵",

    "@USER_DRAWER_INFO.USER-GROUP": "用戶組別",
    "@USER_DRAWER_INFO.GENERAL-USERS": "General Users",
    "@USER_DRAWER_INFO.DIVISION-INSTITUTION-ASSISTANTS": "Division/Institution Assistants",
    "@USER_DRAWER_INFO.DIVISION-INSTITUTION-ADMIN": "Division/Institution Admin",
    "@USER_DRAWER_INFO.SUPER-USER": "Super User",
    "@USER_DRAWER_INFO.SUPER-ADMIN": "Super Admin",

    "@USER_DRAWER_INFO.LANG": "語言",
    "@USER_DRAWER_INFO.LANG-EN": "英文",
    "@USER_DRAWER_INFO.LANG-TC": "中文",
    "@USER_DRAWER_INFO.SUBSTANTIVE-RANK": "實際職級",
    "@USER_DRAWER_INFO.ACTIVE-RANK": "現時職級",
    "@USER_DRAWER_INFO.CHINESE-NAME": "中文名",
    "@USER_DRAWER_INFO.INST-T": "Inst T",
    "@USER_DRAWER_INFO.SECTION-T": "Section T",
    "@USER_DRAWER_INFO.DUTIES-T": "Duties T",
    "@USER_DRAWER_INFO.INST-X": "Inst X",
    "@USER_DRAWER_INFO.SECTION-X": "Section X",
    "@USER_DRAWER_INFO.DUTIES-X": "Duties X",
    "@USER_DRAWER_INFO.GENDER": "性別",
    "@USER_DRAWER_INFO.GENDER-F": "女",
    "@USER_DRAWER_INFO.GENDER-M": "男",
    "@USER_DRAWER_INFO.ACCESS-RULE": "訪問權限",
    "@USER_DRAWER_INFO.NOTES-ACCOUNT": "戶口紀錄",
    "@USER_DRAWER_INFO.RANK-ID": "階級",
    "@USER_DRAWER_INFO.INST-ID": "懲教院所",
    "@USER_DRAWER_INFO.SECTION-ID": "部門",
    "@USER_DRAWER_INFO.ALIAS": "筆名",
    "@USER_DRAWER_INFO.IS-BLOGGER": "可創建 Mini Blog",
    "@USER_DRAWER_INFO.PROFILE-PHOTO": "用戶頭像",
    "@USER_DRAWER_INFO.ALIAS-PHOTO": "筆名頭像",

    "@USER_PROFILE.TITLE": "用戶資料",
    "@USER_PROFILE.PROFILE": "概況",
    "@USER_PROFILE.UPLOAD-REMARKS": "*點擊上方以上傳頭像",
    "@USER_PROFILE.PHOTO-PENDING-FOR-APPROVAL": "*您上傳的頭像正在等待知識管理員審核",
    "@USER_PROFILE.MY-K-REWARDS": "我的K-Rewards",
    "@USER_PROFILE.DATE": "日期",
    "@USER_PROFILE.TOTAL": "合計",
    "@USER_PROFILE.K-REWARDS-REMARKS": "K-Rewards所顯示記錄為六個月內所獲取之積分",
    "@USER_PROFILE.MY-PET": "警衛犬",

    "@ACL_MANAGEMENT.FUNC-ID-0": "文件或檔案(主網頁)",
    "@ACL_MANAGEMENT.FUNC-ID-1": "管理控制台的連結(主網頁)",
    "@ACL_MANAGEMENT.FUNC-ID-2": "最新消息(管理控制台)",
    "@ACL_MANAGEMENT.FUNC-ID-3": "文件夾管理(管理控制台)",
    "@ACL_MANAGEMENT.FUNC-ID-4": "文件或檔案(管理控制台)",
    "@ACL_MANAGEMENT.FUNC-ID-5": "ACL(管理控制台)",
    "@ACL_MANAGEMENT.FUNC-ID-6": "廣告管理(管理控制台)",
    "@ACL_MANAGEMENT.FUNC-ID-7": "用戶(管理控制台)",
    "@ACL_MANAGEMENT.FUNC-ID-8": "敏感詞彙(管理控制台)",
    "@ACL_MANAGEMENT.FUNC-ID-9": "報告(管理控制台)",
    "@ACL_MANAGEMENT.FUNC-ID-10": "文件夾的使用權(管理控制台)",
    "@ACL_MANAGEMENT.FUNC-ID-11": "個人資料(管理控制台)",
    "@ACL_MANAGEMENT.FUNC-ID-12": "管理員設定(管理控制台)",
    "@ACL_MANAGEMENT.FUNC-ID-13": "類別管理(管理控制台)",
    "@ACL_MANAGEMENT.FUNC-ID-14": "管理員設定(管理控制台)",
    "@ACL_MANAGEMENT.FUNC-ID-15": "類別管理(管理控制台)",

    "@BLOG_CATE_MANAGEMENT.CATE-ADMIN":"Mini Blog 類別管理",
    "@BLOG_CATE_MANAGEMENT.CATE-CREATE":"Mini Blog-類別 (新建)",
    "@BLOG_CATE_MANAGEMENT.CATE-UPDATE":"Mini Blog-類別 (編輯)",
    "@BLOG_CATE_MANAGEMENT.ID":"ID",
    "@BLOG_CATE_MANAGEMENT.CATE-EN":"類別名(英文)",
    "@BLOG_CATE_MANAGEMENT.CATE-TC":"類別名(中文)",
    "@BLOG_CATE_MANAGEMENT.ORDERING":"次序",
    "@BLOG_CATE_MANAGEMENT.GO-PUBLIC":"公開？",
    "@BLOG_CATE_MANAGEMENT.ALLOW-COMMENT":"允許評論？",
    "@BLOG_CATE_MANAGEMENT.ADMIN":"管理",
    "@BLOG_CATE_MANAGEMENT.NEW-CATE":"新建類別項",
    "@BLOG_CATE_MANAGEMENT.EDIT":"編輯",
    "@BLOG_CATE_MANAGEMENT.DELETE":"刪除",

    "@BLOG_ASSIST_MANAGEMENT.TITLE":"Mini Blog 管理",
    "@BLOG_ASSIST_MANAGEMENT.MY-ASSISTANT":"Blog作者助手",
    "@BLOG_ASSIST_MANAGEMENT.MAX-ASSISTANT":"每位Blog作者至多可指定{maxAssist}位助手",
    "@BLOG_ASSIST_MANAGEMENT.TOP-TIPS":"*提示: 輸入 'Blog作者' 的職員編號, 便可於--Blog作者助手--查看可為 'Blog作者' 發布blog的助理職員名單",
    "@BLOG_ASSIST_MANAGEMENT.BOTTOM-TIPS":"*提示: 輸入 '助理' 的職員編號並點擊新增, 該 '助理' 將可為 {selBlogger} 發布blog",
    "@BLOG_ASSIST_MANAGEMENT.ADD":"新增",
    "@BLOG_ASSIST_MANAGEMENT.STAFF-NO":"職員號碼",
    "@BLOG_ASSIST_MANAGEMENT.NAME-EN":"姓名",
    "@BLOG_ASSIST_MANAGEMENT.CREATED-BY":"創建者",
    "@BLOG_ASSIST_MANAGEMENT.CREATED-AT":"創建時間",
    "@BLOG_ASSIST_MANAGEMENT.MANAGEMENT":"管理",

    "@ACCESS_RULE_MANAGEMENT.TITLE":"訪問規則管理",
    "@ACCESS_RULE_MANAGEMENT.NEW":"新建訪問規則",
    "@ACCESS_RULE_MANAGEMENT.INST":"懲教院所",
    "@ACCESS_RULE_MANAGEMENT.SECTION":"部門",
    "@ACCESS_RULE_MANAGEMENT.RANK":"階級",
    "@ACCESS_RULE_MANAGEMENT.DETAILS":"訪問規則 - 編輯",
    "@ACCESS_RULE_MANAGEMENT.ALL-INST":"所有懲教院所(僅適用於智慧錦廊)",
    "@ACCESS_RULE_MANAGEMENT.RANK-1":"首長級人員",
    "@ACCESS_RULE_MANAGEMENT.RANK-2":"紀律人員",
    "@ACCESS_RULE_MANAGEMENT.RANK-3":"普通職員",

    "@REPORTS_MANAGEMENT.TITLE":"相關報告",
    "@REPORTS_INST_SUM.INST":"院所",
    "@REPORTS_INST_SUM.INTRANET-COUNTS":"內網登入率",
    "@REPORTS_INST_SUM.INTERNET-COUNTS":"遠程連結登入率",
    "@REPORTS_INST_SUM.TOTAL-ACCESS":"總登入率",
    "@REPORTS_INST_SUM.PAGE-HITS":"內頁點擊率",
    "@REPORTS_INST_SUM.FULLNAME":"全名(英文)",
    "@REPORTS_INST_SUM.STAFF-NO":"職員號碼",
    "@REPORTS_INST_SUM.CREATED":"創建時間",
    "@REPORTS_INST_SUM.NAME":"名稱",
    "@REPORTS_INST_SUM.LOGIN-TYPE":"登入類型",
    "@REPORTS_INST_SUM.INTRANET":"內網",
    "@REPORTS_INST_SUM.REMOTE-ACCESS":"外網",
    "@REPORTS_INST_SUM.NOTES-ACCOUNT":"戶口紀錄",
    "@REPORTS_INST_SUM.FILE-ACCESS":"檔案訪問率",
    "@REPORTS_INST_SUM.RANK":"Rank",
    "@REPORTS_INST_SUM.STAFF-STRENGTH":"總職員人數",
    "@REPORTS_INST_SUM.NO_STAFF_LOGGED_IN":"職員登入次數",
    "@REPORTS_INST_SUM.INTERNET_LOGIN":"外網登入次數",
    "@REPORTS_INST_SUM.INTRANET_LOGIN":"內網登入次數",
    "@REPORTS_INST_SUM.TOTAL_LOGIN":"Total Log In",
    "@REPORTS_INST_SUM.TOTAL_HIT_RATE":"Total Hit Rate",
    "@REPORTS_BLOG_SUM.TITLE":"標題",
    "@REPORTS_BLOG_SUM.AUTHOR":"作者",
    "@REPORTS_BLOG_SUM.PUBLISH-DATE":"發佈日期",
    "@REPORTS_BLOG_SUM.CATE":"分類",
    "@REPORTS_BLOG_SUM.IS-DELETED":"已刪除",
    "@REPORTS_BLOG_SUM.GO-PUBLIC":"已發佈",
    "@REPORTS_BLOG_SUM.HITS":"點擊率",
    "@REPORTS_BLOG_SUM.LIKES":"讚好",
    "@REPORTS_BLOG_SUM.COMMENTS":"評論",
    "@REPORTS_BLOG_SUM.ACTION":"用戶操作",
    "@REPORTS_BLOG_DETAIL.VIEW":"瀏覽",
    "@REPORTS_BLOG_DETAIL.LIKE":"讚好",
    "@REPORTS_BLOG_DETAIL.COMMENT":"評論",
    "@REPORTS_RES_SUM.CREATED": "創建時間",
    "@REPORTS_RES_SUM.MODIFIED": "修改時間",
    "@REPORTS_RES_SUM.DETAILS": "詳情",
    "@REPORTS_RES_SUM.SHOW-ON-PAGE": "是否已發佈",
    "@REPORTS_RES_SUM.VIEWS": "瀏覽量",
    "@REPORTS_RES_SUM.USERS": "可訪問用戶",
    "@REPORTS_RES_SUM.V-U": "人均瀏覽(次/人)",
    "@REPORTS_RES_SUM.SHARES": "分享",
    "@REPORTS_RES_SUM.DOWNLOADS": "下載",
    "@REPORTS_RES_SUM.RES-CATES": "類別",
    "@REPORTS_RES_SUM.TITLE": "標題",
    "@REPORTS_RES_SUM.CREATED-BY": "創建者",
    "@REPORTS_RES_SUM.MODIFIED-BY": "修改人",
    "@REPORTS_SCORE_SUM.TOTAL": "總計",
    "@REPORTS_STAFF_SUM.REMARKS-500": "檢索失敗: 僅提供{instName}職員的紀錄",
    "@REPORTS_STAFF_SUM.REMARKS-505": "檢索失敗: 無匹配用戶",

    "@FORUM_HOME.KNOWLEDGE": "知識",
    "@FORUM_HOME.COCKTAIL": "薈萃",
    "@FORUM_HOME.HOT-TOPICS": "熱門主題",
    "@FORUM_GENERAL.KNOWLEDGE-COCKTAIL": "知識薈萃",
    "@FORUM_GENERAL.TITLE": "標題",
    "@FORUM_GENERAL.AUTHOR": "作者",
    "@FORUM_GENERAL.R-V": "回覆/查看",
    "@FORUM_GENERAL.LAST-UPDATE": "最後發表",
    "@FORUM_GENERAL.NEW-POST": "發帖",
    "@FORUM_GENERAL.EDIT-POST": "編輯",
    "@FORUM_GENERAL.PRE-POST": "上一主題",
    "@FORUM_GENERAL.NEXT-POST": "下一主題",
    "@FORUM_GENERAL.CREATED-AT": "發表於",
    "@FORUM_GENERAL.REPLY": "回覆",
    "@FORUM_GENERAL.ALIAS-AUTHOR": "署名作者:",
    "@FORUM_GENERAL.SHOW-IF-REPLIED": "添加隱藏內容(只有當瀏覽者回覆本帖時至顯示)",
    "@FORUM_GENERAL.HIDDEN-FIELD-TIPS": "* 留言後可於該處查看隱藏內容",
    "@FORUM_ADMIN.MANAGEMENT": "論壇主類別管理",
    "@FORUM_ADMIN.NEW-CATE": "新建論壇類別",
    "@FORUM_ADMIN.CREATION": "論壇類別創建",
    "@FORUM_ADMIN.ICON": "圖標 (< 1 MB)",
    "@FORUM_ADMIN.NAME-EN": "英文名",
    "@FORUM_ADMIN.NAME-TC": "中文名",
    "@FORUM_ADMIN.PARENT": "父級類別",
    "@FORUM_ADMIN.GO-PUBLIC": "公開？",
    "@FORUM_ADMIN.ALLOW-COMMENT": "允許留言?",
    "@FORUM_ADMIN.ADMIN": "版主",
    "@FORUM_ADMIN.READER": "可訪問",
    "@FORUM_ADMIN.WRITER": "可發帖",
    "@FORUM_ADMIN.ORDER": "次序",
    "@FORUM_ADMIN.DEFAULT": "系統預設",
    "@FORUM_ADMIN.STICKY": "置頂？",

    "@SPL_USR_GRP.GENERAL": "特殊訪問用戶組",

    "@BANNERS_MANAGEMENT.TOP-TITILE": "上標語管理",
    "@BANNERS_MANAGEMENT.CORNER-TITLE": "自我學習園地標語管理",
    "@BANNERS_MANAGEMENT.SAVE-ORDERS": "保存排序",
    "@BANNERS_MANAGEMENT.NEW-BANNERS": "新增標語",
    "@BANNERS_MANAGEMENT.INDEX": "次序",
    "@BANNERS_MANAGEMENT.IMG": "圖片",
    "@BANNERS_MANAGEMENT.LINK-TO": "連結到",
    "@BANNERS_MANAGEMENT.INTRANET": "內網可見",
    "@BANNERS_MANAGEMENT.INTERNET": "外網可見",
    "@BANNERS_MANAGEMENT.ORDER": "排序",
    "@BANNERS_MANAGEMENT.INTRANET-ONLY": "僅內網可見",
    "@BANNERS_MANAGEMENT.INTERNET-ONLY": "僅外網可見",
    "@BANNERS_MANAGEMENT.BOTH": "內外網均可見",
    "@BANNERS_MANAGEMENT.DEL-REMARKS": "該標語欄將會被刪除, 繼續嗎?",
    "@BANNERS_MANAGEMENT.NAME-ENG": "標籤(英文)",
    "@BANNERS_MANAGEMENT.NAME-TC": "標籤(中文)",

    "@OFFICER_LIST.TOP-TITILE": "Senior Officer List",
    "@OFFICER_LIST.DISCIPLINED": "軍裝",
    "@OFFICER_LIST.CIVILIAN": "文職",
    "@OFFICER_LIST.POST-TITLE": "職位",
    "@OFFICER_LIST.TBL-REMARKS": "備註",

    "@APP_DWN.H3": "下載應用程式至您的",
    "@APP_DWN.H1": "流動裝置",
    "@APP_DWN.SOON": "即將發布...",
    "@APP_DWN.GUIDE": "安裝指導",
    "@APP_DWN.DWN-PDF": "下載PDF",
    "@APP_DWN.WATCH-VIDEO": "觀看影片",
    "@APP_DWN.FAILED-DWNLD": "下載已取消: ",
    "@APP_DWN.NO-FOR-IOS": "您當前的iOS裝置不支持下載此檔案。",
    "@APP_DWN.IOS-ONLY": "建議您使用iOS裝置登陸並下載此檔案。",
    "@APP_DWN.TIME-COST-TITLE": "即將下載檔案",
    "@APP_DWN.TIME-COST-CONTENT": "下載過程可能需要數分鐘且不可離開該頁面，是否繼續?",
    "@APP_DWN.IOS-DWN-GUIDE-TITLE": "關於安裝 - iOS版本",
    "@APP_DWN.IOS-DWN-GUIDE-CONTENT": "選擇[安裝]後，可返回iPhone/iPad主畫面查看安裝進度",
    "@APP_DWN.SUCCEED": "下載已完成",
    "@APP_DWN.FAILED": "下載失敗"



}