{
    "@FILENAME.VAR": "JSON format：@+the name of JS file that cues corresponding var(all Caps)+.+var",

    "@AUTHEN.BIRTHDAY": "Your Birthday (DDMMYYYY) is: ",
    "@AUTHEN.EMPLOY-YEAR": "Year of Employment is: ",
    "@AUTHEN.STAFF-NO": "Your Staff Number is: ",
    "@AUTHEN.NO-QS": "Sorry, you cannot verify this login",
    "@AUTHEN.REQUEST-423": "Account Locked: You may contact IT support for more details.",
    "@AUTHEN.REQUEST-409": "Multiple Logins: This account is in used.",
    
    "@MAIN_LAYOUT.WELCOME": "Welcome ",
    "@MAIN_LAYOUT.LOGINTIME": "Last Login time: ",
    "@MAIN_LAYOUT.LEVEL": "Level: ",
    "@MAIN_LAYOUT.DIAMOND": "Diamond",
    "@MAIN_LAYOUT.PLATINUM": "Platinum",
    "@MAIN_LAYOUT.GOLD": "Gold",
    "@MAIN_LAYOUT.GREEN": "Green",
    "@MAIN_LAYOUT.BASIC": "Basic",
    "@MAIN_LAYOUT.SILVER": "Silver",
    "@MAIN_LAYOUT.BRONZE": "Bronze",
    "@MAIN_LAYOUT.GENERAL": "General",
    "@MAIN_LAYOUT.ACCUMULATED-LOGIN": "Accumulated Login:",
    "@MAIN_LAYOUT.MENU": "Menu",
    "@MAIN_LAYOUT.LOGOUT": "Logout",
    "@MAIN_LAYOUT.MY-INBOX": "Inbox",
    "@MAIN_LAYOUT.MY-FAVOUR": "Favourites",
    "@MAIN_LAYOUT.ADMIN-CONSOLE":"Admin Console",
    "@MAIN_LAYOUT.SEARCH": "Search",
    "@MAIN_LAYOUT.FOOTER": "CSD-KMS © 2021",
    "@MAIN_LAYOUT.FAQ": "FAQ",
    "@MAIN_LAYOUT.FAQ-SUBTITLE": "醫療",
    "@MAIN_LAYOUT.NOT-FOUND-PAGE": "Sorry, the page you visited does not exist.",
    "@MAIN_LAYOUT.BACK-HOME": "Back Home",

    
    "@GENERAL.SHOW-ALL": "Show All",
    "@GENERAL.DOWNLOAD": "Download",
    "@GENERAL.VIEW": "View",
    "@GENERAL.YES": "Yes",
    "@GENERAL.NO": "No",
    "@GENERAL.AGREE": "Agree",
    "@GENERAL.BACK": "Back",
    "@GENERAL.SAVE": "Save",
    "@GENERAL.CANCEL": "Cancel",
    "@GENERAL.CONTINUE": "Continue",
    "@GENERAL.CREATE": "Create",
    "@GENERAL.LEAVE": "Leave",
    "@GENERAL.DELETE": "Delete",
    "@GENERAL.IS-A-MUST": "This is a must",
    "@GENERAL.INTEGER-ONLY": "Should be integer only",
    "@GENERAL.DESCRIPTION": "Description",
    "@GENERAL.SELECT-ALL": "Select All",
    "@GENERAL.TYPE": "Type",
    "@GENERAL.NO-RECORD-IS-FOUND": "No record is found",
    "@GENERAL.NAME": "Name",
    "@GENERAL.ALL": "All",
    "@GENERAL.ADD": "Add",
    "@GENERAL.REMOVE": "Remove",
    "@GENERAL.SEARCH": "Search",
    "@GENERAL.UPLOAD": "Upload",
    "@GENERAL.APPROVE": "Approve",
    "@GENERAL.REJECT": "Reject",
    "@GENERAL.UPDATE": "Update",
    "@GENERAL.FROM": "From ",
    "@GENERAL.TO": " To ",
    "@GENERAL.INST": "Institution",
    "@GENERAL.SECTION": "Section",
    "@GENERAL.RANK": "Rank",
    "@GENERAL.SHARE": "Share",
    "@GENERAL.SEND": "Send",
    "@GENERAL.EDIT": "Edit",
    "@GENERAL.CATEGORY": "Category",
    "@GENERAL.REPLACE-BUTTON": "Select Image for Replace",
    "@GENERAL.DATE": "Date",
    "@GENERAL.TITLE": "Title",
    "@GENERAL.SEND-FROM": "From",
    "@GENERAL.STATUS": "Status",
    "@GENERAL.KEYWORD-TITLE": "Please amend your input: Sensitive Word(s) Found",
    "@GENERAL.REQUIRED": "Cannot be empty",
    "@GENERAL.EXPORT-AS-EXCEL": "Export as Excel",
    "@GENERAL.IS-REQUIRED": " is required",
    "@GENERAL.VIDEO-REMARKS": "Only CSD offical link is allowed",

    "@LATEST_NEWS.LATEST-NEWS": "Latest News",
    "@MINI_BLOG.MINI-BLOG": "Mini Blog",
    "@K_MARKET.K-MARKET": "K-Market",
    "@LEARNING_CORNER.LEARNING-CORNER": "Self-Learning Corner",
    "@LEARNING_TOPIC.WEEKLY": "Weekly",
    "@LEARNING_TOPIC.TOPICS": "Self-Learning Topics",
    "@K_SQUARE.K-SQUARE": "K-Square",
    "@WISDOM_GALLERY.WISDOM-GALLERY": "Wisdom Gallery",

    "@RESOURCES_DETAILS.DOWNLOAD-FAILED": "Failed to download. Please contact KM Team (2899 1835)",
    "@RESOURCES_DETAILS.YOUR-RATING": "My Rating: ",
    "@RESOURCES_DETAILS.AVERAGE-RATING": "Overall Rating: ",
    "@RESOURCES_DETAILS.AVERAGE-RATING-MOBILE": "Overall: ",
    "@RESOURCES_DETAILS.RELATED": "Related Resources",
    "@RESOURCES_DETAILS.NOT-FOUND": "Sorry, no resource available for current account. We will back to Home Page.",
    "@RESOURCES_SHOWALL.K-MARKET": "K-Market",
    "@RESOURCES_SHOWALL.K-SQUARE": "K-Square",
    "@RESOURCES_SHOWALL.WISDOM-GALLERY": "Wisdom Gallery",
    "@RESOURCES_SHOWALL.SEARCH-REMARKS": "Search by Title",
    "@RESOURCES_CATEGORY.SEARCH-REMARKS": "Search title within ",
    "@RESOURCES_CATEGORY.NO-RESOURCE": "Here is no resource",
    "@RESOURCES_CATEGORY.NO-ACCESS-RIGHT": "You don't have access right to the file or the file is only available via intranet. Please contact KM Team at 2899 1825 for assistance.",

    "@MINIBLOG_HOME.MY-BLOG": "My Mini Blog",
    "@MINIBLOG_HOME.LATEST-BLOG1": "Latest",
    "@MINIBLOG_HOME.LATEST-BLOG2": "Mini Blog",
    "@MINIBLOG_HOME.SORT-BY": "Sort by",

    "@MY_BLOG.POST-CREATION": "Post Creation",
    "@MY_BLOG.MY-POSTS": "My Posts",
    "@MY_BLOG.MY-BOOKMARKS": "My Bookmarks",
    "@MY_BLOG.RESET": "Reset",
    "@MY_BLOG.MOST-RECENT": "Most Recent Mini Blog",
    "@MY_BLOG.GALLERY-MANAGER": "Gallery Manager",
    "@MY_BLOG.DRAGGER-TIPS": "Click or drag image to this area to upload",
    "@MY_BLOG.ALIAS": "Alias",
    "@MY_BLOG.OTHER-CREATOR": "Other Post Creator",
    "@MY_BLOG.UNARCHIVED": "Unarchived Image",
    "@MY_BLOG.VIDEO-REMARKS-1": "Video Link should starts with 'https://ams.csd.gov.hk/'",
    "@MY_BLOG.VIDEO-REMARKS-2": "Video format should be MP4",
    
    "@MY_BLOG.POST-MODIFICATION": "Post Modification",
    "@MY_BLOG.ARCHIVED": "Archived Image",

    "@MINI_BLOG.COMMENTS": "COMMENTS",
    "@MINI_BLOG.LEAVE-COMMENT": "Leave a Comment",
    "@MINI_BLOG.RELATED-POSTS": "Related Post",
    "@MINI_BLOG.TOTAL-COMMENTS": "{comments} replies",
    "@MINI_BLOG.REPLY-TO": " Reply to",
    "@MINI_BLOG.MODIFY": "Modify",
    "@MINI_BLOG.DELETE": "Delete",
    "@MINI_BLOG.SUBMIT": "Submit",
    "@MINI_BLOG.CANCEL": "Cancel",
    "@MINI_BLOG.CATEGORY": "Category",
    "@MINI_BLOG.CATEGORY-TIPS": "please choose one",
    "@MINI_BLOG.CREATOR": "Creator",
    "@MINI_BLOG.CONTENT": "Content",
    "@MINI_BLOG.TAGS": "Tags",
    "@MINI_BLOG.TAGS-TIPS": "Try to create one for your post by typing #yourcustomizedtag;",
    "@MINI_BLOG.GO-PUBLIC": "Go Public",
    "@MINI_BLOG.PUBLISH-DATE": "Post Publish Date",
    "@MINI_BLOG.ORIGINAL-CREATOR": "Name to be used as the author of this post",
    "@MINI_BLOG.NOT-FOUND": "Sorry, no blog available for current account. We will back to Home Page.",

    "@CATE.CATEGORY-MANAGEMENT": "Category Management",

    "@RES_MANAGEMENT.RESOURCES-MANAGEMENT": "Resources Management",
    "@RES_MANAGEMENT.NEW-RESOURCE": "New Resource",
    "@RES_MANAGEMENT.SEARCH": "Search",
    "@RES_MANAGEMENT.LATEST-NEWS": "Latest News",
    "@RES_MANAGEMENT.K-MARKET": "K-Market",
    "@RES_MANAGEMENT.K-SQUARE": "K-Square",
    "@RES_MANAGEMENT.WISDOM-GALLERY": "Wisdom Gallery",
    "@RES_MANAGEMENT.RESULTS": "Results",
    "@RES_MANAGEMENT.DELETE": "Delete",
    "@RES_MANAGEMENT.EDIT": "Edit",
    "@RES_MANAGEMENT.BACK": "Back",
    "@RES_MANAGEMENT.DRAGGER": "Click or drag file to this area to upload",
    "@RES_MANAGEMENT.ASSIGN": "Assign",
    "@RES_MANAGEMENT.ACCESS-RULE": "Access Rule",
    "@RES_MANAGEMENT.ACCESS-RULE-REMARKS": "(Please tick and select at least one access rule)",
    "@RES_MANAGEMENT.PUBLISH-SETTINGS": "Publish Settings",
    "@RES_MANAGEMENT.NEW-VIDEO": "New Video",
    "@RES_MANAGEMENT.SUBMIT": "Submit",
    "@RES_MANAGEMENT.SUBCATEGORIES": "Include All Subcategoies",

    "@RES_MANAGEMENT.ALL-INFO": "Resource Editor - All Info.",
    "@RES_MANAGEMENT.DETAILS": "Resource Editor - Single Record",
    "@RES_MANAGEMENT.SELECTION": "Resources Editor - Selection",
    "@RES_DRAWER_INFO.PUBLISH-SETTINGS": "Resources Editor - Publish Settings",
    "@RES_DRAWER_INFO.ACCESS-RULE": "Resources Editor - Access Rule",

    "@RES_DRAWER_INFO.FILENAME": "Filename",
    "@RES_DRAWER_INFO.VIDEO-LINK": "Video Link",
    "@RES_DRAWER_INFO.TITLE-EN": "Title (English)",
    "@RES_DRAWER_INFO.TITLE-TC": "Title (Chinese)",
    "@RES_DRAWER_INFO.DESCRIPTION-EN": "Tag (English)",
    "@RES_DRAWER_INFO.DESCRIPTION-TC": "Tag (Chinese)",
    "@RES_DRAWER_INFO.CATEGORY": "Category",
    "@RES_DRAWER_INFO.ACCESS-CHANNEL": "Access Channel",
    "@RES_DRAWER_INFO.ACCESS-INTRANET": "Intranet",
    "@RES_DRAWER_INFO.ACCESS-INTERNET": "Internet",
    "@RES_DRAWER_INFO.LATEST-NEWS": "Latest News",
    "@RES_DRAWER_INFO.EXPIRY-DATE": "Expiry Date",
    "@RES_DRAWER_INFO.SHOW-ON-PAGE": "Show on Page",
    "@RES_DRAWER_INFO.DOWNLOAD-ORIGINAL": "File type for download",
    "@RES_DRAWER_INFO.DOWNLOAD-ORIGINAL-FILE": "Original",
    "@RES_DRAWER_INFO.DOWNLOAD-TYPE": "Can download without watermark",
    "@RES_DRAWER_INFO.SPECIAL-USER": "Special User",
    "@RES_DRAWER_INFO.SAVE": "Save",
    "@RES_DRAWER_INFO.RULE-REMARKS": "select at least one access rule",
    "@RES_DRAWER_INFO.RULE-REMARKS1": "access rule(s) that you cannot edit",
    "@RES_DRAWER_INFO.USER-REMARKS": "select at least one special user",

    "@RES_DRAWER_INFO.PUBLISH-REMARKS-1": "Note: ",
    "@RES_DRAWER_INFO.PUBLISH-REMARKS-2": "\nPlease contact KM team (2899 1825/835) for ",
    "@RES_DRAWER_INFO.PUBLISH-REMARKS-3": " Function",

    "@USER_MANAGEMENT.USER-MANAGEMENT": "Users Management",
    "@USER_MANAGEMENT.SEARCH": "Search",
    "@USER_MANAGEMENT.RESULTS": "Results",
    "@USER_MANAGEMENT.NEW-USER": "New User",
    "@USER_MANAGEMENT.STAFF-NO": "Staff No.",
    "@USER_MANAGEMENT.FULLNAME": "Fullname",
    "@USER_MANAGEMENT.USER-GROUP": "User Group",
    "@USER_MANAGEMENT.INSTITUTION": "Institution",
    "@USER_MANAGEMENT.RANK": "Rank",
    "@USER_MANAGEMENT.SECTION": "Section",
    "@USER_MANAGEMENT.IS-BLOGGER": "is Blogger",
    "@USER_MANAGEMENT.ADMIN": "Admin",
    "@USER_MANAGEMENT.EDIT": "Edit",
    "@USER_MANAGEMENT.GENERAL": "General",
    "@USER_MANAGEMENT.VIEW": "View",

    "@USER_DRAWER_INFO.USER-EDITOR": "User Info.",
    "@USER_DRAWER_INFO.ID": "ID",
    "@USER_DRAWER_INFO.STAFF-NO": "Staff No.",
    "@USER_DRAWER_INFO.USERNAME": "Login Name",
    "@USER_DRAWER_INFO.FULLNAME": "Fullname",
    "@USER_DRAWER_INFO.EMAIL": "Email",

    "@USER_DRAWER_INFO.USER-GROUP": "User Group",
    "@USER_DRAWER_INFO.GENERAL-USERS": "General Users",
    "@USER_DRAWER_INFO.DIVISION-INSTITUTION-ASSISTANTS": "Division/Institution Assistants",
    "@USER_DRAWER_INFO.DIVISION-INSTITUTION-ADMIN": "Division/Institution Admin",
    "@USER_DRAWER_INFO.SUPER-USER": "Super User",
    "@USER_DRAWER_INFO.SUPER-ADMIN": "Super Admin",

    "@USER_DRAWER_INFO.LANG": "Language",
    "@USER_DRAWER_INFO.LANG-EN": "EN",
    "@USER_DRAWER_INFO.LANG-TC": "TC",
    "@USER_DRAWER_INFO.SUBSTANTIVE-RANK": "Substantive Rank",
    "@USER_DRAWER_INFO.ACTIVE-RANK": "Active Rank",
    "@USER_DRAWER_INFO.CHINESE-NAME": "Chinese Name",
    "@USER_DRAWER_INFO.INST-T": "Inst T",
    "@USER_DRAWER_INFO.SECTION-T": "Section T",
    "@USER_DRAWER_INFO.DUTIES-T": "Duties T",
    "@USER_DRAWER_INFO.INST-X": "Inst X",
    "@USER_DRAWER_INFO.SECTION-X": "Section X",
    "@USER_DRAWER_INFO.DUTIES-X": "Duties X",
    "@USER_DRAWER_INFO.GENDER": "Gender",
    "@USER_DRAWER_INFO.GENDER-F": "Female",
    "@USER_DRAWER_INFO.GENDER-M": "Male",
    "@USER_DRAWER_INFO.ACCESS-RULE": "Access Rule",
    "@USER_DRAWER_INFO.NOTES-ACCOUNT": "Notes Account",
    "@USER_DRAWER_INFO.RANK-ID": "Rank",
    "@USER_DRAWER_INFO.INST-ID": "Institution",
    "@USER_DRAWER_INFO.SECTION-ID": "Section",
    "@USER_DRAWER_INFO.ALIAS": "Alias",
    "@USER_DRAWER_INFO.IS-BLOGGER": "is Blogger",
    "@USER_DRAWER_INFO.PROFILE-PHOTO": "Profile Photo",
    "@USER_DRAWER_INFO.ALIAS-PHOTO": "Alias Photo",

    "@USER_PROFILE.TITLE": "User Profile",
    "@USER_PROFILE.PROFILE": "Profile",
    "@USER_PROFILE.UPLOAD-REMARKS": "*Click above to upload your own avatar.",
    "@USER_PROFILE.PHOTO-PENDING-FOR-APPROVAL": "*The avatar you uploaded is pending for KMS Admin's approval.",
    "@USER_PROFILE.MY-K-REWARDS": "My K-Rewards",
    "@USER_PROFILE.DATE": "Date",
    "@USER_PROFILE.TOTAL": "Total",
    "@USER_PROFILE.K-REWARDS-REMARKS": "K-Rewards credit reflects the points obtained for the past six months",
    "@USER_PROFILE.MY-PET": "Guard Dog",

    "@ACL_MANAGEMENT.FUNC-ID-0": "Documents (Website)",
    "@ACL_MANAGEMENT.FUNC-ID-1": "Admin Console (Website)",
    "@ACL_MANAGEMENT.FUNC-ID-2": "Latest News (Admin Console)",
    "@ACL_MANAGEMENT.FUNC-ID-3": "Categories (Admin Console)",
    "@ACL_MANAGEMENT.FUNC-ID-4": "Documents (Admin Console)",
    "@ACL_MANAGEMENT.FUNC-ID-5": "ACL (Admin Console)",
    "@ACL_MANAGEMENT.FUNC-ID-6": "Banners (Admin Console)",
    "@ACL_MANAGEMENT.FUNC-ID-7": "Users (Admin Console)",
    "@ACL_MANAGEMENT.FUNC-ID-8": "Sensitive Keywords (Admin Console)",
    "@ACL_MANAGEMENT.FUNC-ID-9": "Reports (Admin Console)",
    "@ACL_MANAGEMENT.FUNC-ID-10": "Categories Access (Admin Console)",
    "@ACL_MANAGEMENT.FUNC-ID-11": "User Profile (Admin Console)",
    "@ACL_MANAGEMENT.FUNC-ID-12": "Miniblog Admin (Admin Console)",
    "@ACL_MANAGEMENT.FUNC-ID-13": "Miniblog Category Management (Admin Console)",
    "@ACL_MANAGEMENT.FUNC-ID-14": "Discussion Admin (Admin Console)",
    "@ACL_MANAGEMENT.FUNC-ID-15": "Discussion Category Management (Admin Console)",

    "@BLOG_CATE_MANAGEMENT.CATE-ADMIN":"Mini Blog Category Admin",
    "@BLOG_CATE_MANAGEMENT.CATE-CREATE":"Mini Blog Category (Create)",
    "@BLOG_CATE_MANAGEMENT.CATE-UPDATE":"Mini Blog Category (Update)",
    "@BLOG_CATE_MANAGEMENT.ID":"ID",
    "@BLOG_CATE_MANAGEMENT.CATE-EN":"Category Name (English)",
    "@BLOG_CATE_MANAGEMENT.CATE-TC":"Category Name (Chinese)",
    "@BLOG_CATE_MANAGEMENT.ORDERING":"Ordering",
    "@BLOG_CATE_MANAGEMENT.GO-PUBLIC":"Go Public?",
    "@BLOG_CATE_MANAGEMENT.ALLOW-COMMENT":"Allow Comment?",
    "@BLOG_CATE_MANAGEMENT.ADMIN":"Admin",
    "@BLOG_CATE_MANAGEMENT.NEW-CATE":"New Category",
    "@BLOG_CATE_MANAGEMENT.EDIT":"Edit",
    "@BLOG_CATE_MANAGEMENT.DELETE":"Delete",

    "@BLOG_ASSIST_MANAGEMENT.TITLE":"Mini Blog Admin",
    "@BLOG_ASSIST_MANAGEMENT.MY-ASSISTANT":"Blogger Assistant",
    "@BLOG_ASSIST_MANAGEMENT.MAX-ASSISTANT":"No more than {maxAssist} assistants for each blogger",
    "@BLOG_ASSIST_MANAGEMENT.TOP-TIPS":"*Tips: search the Blog Writer by Staff No. here, then review Writer's assistant(s) under --Blogger Assistant--.",
    "@BLOG_ASSIST_MANAGEMENT.BOTTOM-TIPS":"*Tips: type the Assistant's Staff No. and click Add, then this staff will be able to issue blog for {selBlogger}.",
    "@BLOG_ASSIST_MANAGEMENT.ADD":"Add",
    "@BLOG_ASSIST_MANAGEMENT.STAFF-NO":"Staff No.",
    "@BLOG_ASSIST_MANAGEMENT.NAME-EN":"Name",
    "@BLOG_ASSIST_MANAGEMENT.CREATED-BY":"Created By",
    "@BLOG_ASSIST_MANAGEMENT.CREATED-AT":"Created At",
    "@BLOG_ASSIST_MANAGEMENT.MANAGEMENT":"Management",

    "@ACCESS_RULE_MANAGEMENT.TITLE":"Access Rule Management",
    "@ACCESS_RULE_MANAGEMENT.NEW":"New Access Rule",
    "@ACCESS_RULE_MANAGEMENT.INST":"Institution",
    "@ACCESS_RULE_MANAGEMENT.SECTION":"Section",
    "@ACCESS_RULE_MANAGEMENT.RANK":"Rank",
    "@ACCESS_RULE_MANAGEMENT.DETAILS":"Access Rule - Edit",
    "@ACCESS_RULE_MANAGEMENT.ALL-INST":"All Institutions (for Wisdom Gallery Only)",
    "@ACCESS_RULE_MANAGEMENT.RANK-1":"Directorates",
    "@ACCESS_RULE_MANAGEMENT.RANK-2":"Disciplinary Staff",
    "@ACCESS_RULE_MANAGEMENT.RANK-3":"General Grades Staff ",

    "@REPORTS_MANAGEMENT.TITLE":"Reports",
    "@REPORTS_INST_SUM.INST":"Institution",
    "@REPORTS_INST_SUM.INTRANET-COUNTS":"Intranet Login Counts",
    "@REPORTS_INST_SUM.INTERNET-COUNTS":"Remote Access Login Counts",
    "@REPORTS_INST_SUM.TOTAL-ACCESS":"Total Access",
    "@REPORTS_INST_SUM.PAGE-HITS":"Page Hit Counts",
    "@REPORTS_INST_SUM.FULLNAME":"Fullname",
    "@REPORTS_INST_SUM.STAFF-NO":"Staff No.",
    "@REPORTS_INST_SUM.CREATED":"Created",
    "@REPORTS_INST_SUM.NAME":"Name",
    "@REPORTS_INST_SUM.LOGIN-TYPE":"Login Type",
    "@REPORTS_INST_SUM.INTRANET":"Intranet",
    "@REPORTS_INST_SUM.REMOTE-ACCESS":"Remote Access",
    "@REPORTS_INST_SUM.NOTES-ACCOUNT":"Notes Account",
    "@REPORTS_INST_SUM.FILE-ACCESS":"File Access Counts",
    "@REPORTS_BLOG_SUM.TITLE":"Title",
    "@REPORTS_INST_SUM.RANK":"Rank",
    "@REPORTS_INST_SUM.STAFF-STRENGTH":"Staff Strength",
    "@REPORTS_INST_SUM.NO_STAFF_LOGGED_IN":"No. of Staff Logged In",
    "@REPORTS_INST_SUM.INTERNET_LOGIN":"Internet Log In",
    "@REPORTS_INST_SUM.INTRANET_LOGIN":"Intranet Log In",
    "@REPORTS_INST_SUM.TOTAL_LOGIN":"Total Log In",
    "@REPORTS_INST_SUM.TOTAL_HIT_RATE":"Total Hit Rate",
    "@REPORTS_BLOG_SUM.AUTHOR":"Author",
    "@REPORTS_BLOG_SUM.PUBLISH-DATE":"Publish Date",
    "@REPORTS_BLOG_SUM.CATE":"Category",
    "@REPORTS_BLOG_SUM.IS-DELETED":"Is Deleted",
    "@REPORTS_BLOG_SUM.GO-PUBLIC":"Go Public",
    "@REPORTS_BLOG_SUM.HITS":"Hits",
    "@REPORTS_BLOG_SUM.LIKES":"Likes",
    "@REPORTS_BLOG_SUM.COMMENTS":"Comments",
    "@REPORTS_BLOG_SUM.ACTION":"Action",
    "@REPORTS_BLOG_DETAIL.VIEW":"View",
    "@REPORTS_BLOG_DETAIL.LIKE":"Like",
    "@REPORTS_BLOG_DETAIL.COMMENT":"Comment",
    "@REPORTS_RES_SUM.CREATED": "Created at",
    "@REPORTS_RES_SUM.MODIFIED": "Modified at",
    "@REPORTS_RES_SUM.DETAILS": "Details",
    "@REPORTS_RES_SUM.SHOW-ON-PAGE": "Show on Page",
    "@REPORTS_RES_SUM.VIEWS": "Views",
    "@REPORTS_RES_SUM.USERS": "Available Users",
    "@REPORTS_RES_SUM.V-U": "Views / Available Users",
    "@REPORTS_RES_SUM.SHARES": "Shares",
    "@REPORTS_RES_SUM.DOWNLOADS": "Downloads",
    "@REPORTS_RES_SUM.RES-CATES": "Categories",
    "@REPORTS_RES_SUM.TITLE": "Resource Title",
    "@REPORTS_RES_SUM.CREATED-BY": "Created by",
    "@REPORTS_RES_SUM.MODIFIED-BY": "Modified by",
    "@REPORTS_SCORE_SUM.TOTAL": "Total",
    "@REPORTS_STAFF_SUM.REMARKS-500": "Failed to retrieve: only provide {instName} staffs' info.",
    "@REPORTS_STAFF_SUM.REMARKS-505": "Failed to retrieve: no matched user.",

    "@FORUM_HOME.KNOWLEDGE": "Knowledge ",
    "@FORUM_HOME.COCKTAIL": "Cocktail",
    "@FORUM_HOME.HOT-TOPICS": "Hot Topics",
    "@FORUM_GENERAL.KNOWLEDGE-COCKTAIL": "Knowledge Cocktail",
    "@FORUM_GENERAL.TITLE": "Title",
    "@FORUM_GENERAL.AUTHOR": "Author",
    "@FORUM_GENERAL.R-V": "Replies/Views",
    "@FORUM_GENERAL.LAST-UPDATE": "Last Update",
    "@FORUM_GENERAL.NEW-POST": "New Post",
    "@FORUM_GENERAL.EDIT-POST": "Edit Post",
    "@FORUM_GENERAL.PRE-POST": "Previous",
    "@FORUM_GENERAL.NEXT-POST": "Next",
    "@FORUM_GENERAL.CREATED-AT": "Created at",
    "@FORUM_GENERAL.REPLY": "Reply",
    "@FORUM_GENERAL.ALIAS-AUTHOR": "Author:",
    "@FORUM_GENERAL.SHOW-IF-REPLIED": "Add hidden content (Only displayed when the viewer replied to this post)",
    "@FORUM_GENERAL.HIDDEN-FIELD-TIPS": "* You will find the hidden content here after reply",
    "@FORUM_ADMIN.MANAGEMENT": "Cocktail Category Management",
    "@FORUM_ADMIN.NEW-CATE": "New Category",
    "@FORUM_ADMIN.CREATION": "Cocktail Category Creation",
    "@FORUM_ADMIN.ICON": "Icon (< 1 MB)",
    "@FORUM_ADMIN.NAME-EN": "Name (English) ",
    "@FORUM_ADMIN.NAME-TC": "Name (Chinese) ",
    "@FORUM_ADMIN.PARENT": "Parent ",
    "@FORUM_ADMIN.GO-PUBLIC": "Go Public? ",
    "@FORUM_ADMIN.ALLOW-COMMENT": "Allow Comment? ",
    "@FORUM_ADMIN.ADMIN": "Admin ",
    "@FORUM_ADMIN.READER": "Reader ",
    "@FORUM_ADMIN.WRITER": "Writer ",
    "@FORUM_ADMIN.ORDER": "Ordering ",
    "@FORUM_ADMIN.DEFAULT": "Default",
    "@FORUM_ADMIN.STICKY": "Sticky Post? ",

    "@SPL_USR_GRP.GENERAL": "Special User Group",

    "@BANNERS_MANAGEMENT.TOP-TITILE": "Top Banners Management",
    "@BANNERS_MANAGEMENT.CORNER-TITLE": "Self-Learning Corner Banners Management",
    "@BANNERS_MANAGEMENT.SAVE-ORDERS": "Save Orders",
    "@BANNERS_MANAGEMENT.NEW-BANNERS": "New Banner",
    "@BANNERS_MANAGEMENT.INDEX": "Index",
    "@BANNERS_MANAGEMENT.IMG": "Image",
    "@BANNERS_MANAGEMENT.LINK-TO": "Link to",
    "@BANNERS_MANAGEMENT.INTRANET": "Intranet",
    "@BANNERS_MANAGEMENT.INTERNET": "Internet",
    "@BANNERS_MANAGEMENT.ORDER": "Order",
    "@BANNERS_MANAGEMENT.INTRANET-ONLY": "Intranet Only",
    "@BANNERS_MANAGEMENT.INTERNET-ONLY": "Internet Only",
    "@BANNERS_MANAGEMENT.BOTH": "Intranet and Internet",
    "@BANNERS_MANAGEMENT.DEL-REMARKS": "Selected banner will be deleted, continue?",
    "@BANNERS_MANAGEMENT.NAME-ENG": "Label (English)",
    "@BANNERS_MANAGEMENT.NAME-TC": "Label (Chinese)",

    "@OFFICER_LIST.TOP-TITILE": "Senior Officer List",
    "@OFFICER_LIST.DISCIPLINED": "Disciplined",
    "@OFFICER_LIST.CIVILIAN": "Civilian",
    "@OFFICER_LIST.POST-TITLE": "Post Title",
    "@OFFICER_LIST.TBL-REMARKS": "Remarks",

    "@APP_DWN.H3": "Download App for Your",
    "@APP_DWN.H1": "Mobile Devices",
    "@APP_DWN.SOON": "Coming soon...",
    "@APP_DWN.GUIDE": "Installation Guide",
    "@APP_DWN.DWN-PDF": "Download PDF",
    "@APP_DWN.WATCH-VIDEO": "Watch Video",
    "@APP_DWN.FAILED-DWNLD": "Download Cancelled: ",
    "@APP_DWN.NO-FOR-IOS": "Your current device (iOS) doesn't support to download this package.",
    "@APP_DWN.IOS-ONLY": "You may switch to an iOS device for further download.",
    "@APP_DWN.TIME-COST-TITLE": "Package Download",
    "@APP_DWN.TIME-COST-CONTENT": "It may take a few minutes and you should NOT leave this page for the download, continue?",
    "@APP_DWN.IOS-DWN-GUIDE-TITLE": "About Installation - iOS App",
    "@APP_DWN.IOS-DWN-GUIDE-CONTENT": "After clicking [Install], you can back to the Home Screen of iPhone/iPad and check the installation status.",
    "@APP_DWN.SUCCEED": "Download Completed",
    "@APP_DWN.FAILED": "Failed to download"


    
}